{
  "checkpoint": "/home/eai/PI/lerobot/models/pi05_base",
  "dataset_root": "/home/eai/PI/data/clean_test_lerobot_pi05",
  "processor_source": "dataset-config",
  "episodes": 5,
  "avg_first_step_mse": 95.53471527099609,
  "avg_first_step_mae": 2.9964849948883057,
  "avg_valid_chunk_mse": 105.20001983642578,
  "avg_valid_chunk_mae": 3.081957149505615,
  "episode_metrics": [
    {
      "episode_name": "episode_000000",
      "episode_index": 0,
      "episode_len": 475,
      "task": "Pick up the scraper and scrape off the tape from the table surface.",
      "dataset_tasks": [
        "Pick up the scraper and scrape off the tape from the table surface."
      ],
      "cameras": [
        "observation.images.cam_hand",
        "observation.images.cam_top"
      ],
      "chunk_size": 50,
      "action_dim": 10,
      "action_names": [
        "x",
        "y",
        "z",
        "rot6d_row0_x",
        "rot6d_row0_y",
        "rot6d_row0_z",
        "rot6d_row1_x",
        "rot6d_row1_y",
        "rot6d_row1_z",
        "gripper"
      ],
      "metrics": {
        "first_step": {
          "mse": 91.8866195678711,
          "mae": 2.9832043647766113,
          "per_dim_mse": [
            0.0006812268984504044,
            0.0014626383781433105,
            0.008953182026743889,
            3.210026264190674,
            0.4193227291107178,
            0.12450233101844788,
            0.24513554573059082,
            0.17672310769557953,
            0.9029774069786072,
            913.7767333984375
          ],
          "max_error": 46.15690612792969,
          "smoothness": 0.8609613180160522
        },
        "valid_chunk": {
          "mse": 103.23262023925781,
          "mae": 3.0912532806396484,
          "per_dim_mse": [
            0.010995210148394108,
            0.002820890164002776,
            0.012769607827067375,
            3.233316421508789,
            0.3754987120628357,
            0.12592296302318573,
            0.24729745090007782,
            0.17942111194133759,
            0.9153341054916382,
            1027.2178955078125
          ],
          "max_error": 56.4600715637207,
          "smoothness": 1.001599669456482
        }
      }
    },
    {
      "episode_name": "episode_000001",
      "episode_index": 1,
      "episode_len": 494,
      "task": "Grab the scraper and remove the tape stuck on the table.",
      "dataset_tasks": [
        "Grab the scraper and remove the tape stuck on the table."
      ],
      "cameras": [
        "observation.images.cam_hand",
        "observation.images.cam_top"
      ],
      "chunk_size": 50,
      "action_dim": 10,
      "action_names": [
        "x",
        "y",
        "z",
        "rot6d_row0_x",
        "rot6d_row0_y",
        "rot6d_row0_z",
        "rot6d_row1_x",
        "rot6d_row1_y",
        "rot6d_row1_z",
        "gripper"
      ],
      "metrics": {
        "first_step": {
          "mse": 99.45091247558594,
          "mae": 3.07820725440979,
          "per_dim_mse": [
            0.00044382610940374434,
            0.0012995257275179029,
            0.009036408737301826,
            3.1614856719970703,
            0.4135170876979828,
            0.12149403244256973,
            0.21041542291641235,
            0.23509299755096436,
            0.8063001036643982,
            989.5497436523438
          ],
          "max_error": 50.20106506347656,
          "smoothness": 0.8445397615432739
        },
        "valid_chunk": {
          "mse": 109.07649993896484,
          "mae": 3.1952521800994873,
          "per_dim_mse": [
            0.011582506820559502,
            0.002375601092353463,
            0.012410804629325867,
            3.2489988803863525,
            0.37166422605514526,
            0.11227097362279892,
            0.18146559596061707,
            0.21983212232589722,
            0.8339458703994751,
            1085.7735595703125
          ],
          "max_error": 54.65915298461914,
          "smoothness": 1.0613340139389038
        }
      }
    },
    {
      "episode_name": "episode_000002",
      "episode_index": 2,
      "episode_len": 785,
      "task": "Use the scraper to peel off the tape on the table.",
      "dataset_tasks": [
        "Use the scraper to peel off the tape on the table."
      ],
      "cameras": [
        "observation.images.cam_hand",
        "observation.images.cam_top"
      ],
      "chunk_size": 50,
      "action_dim": 10,
      "action_names": [
        "x",
        "y",
        "z",
        "rot6d_row0_x",
        "rot6d_row0_y",
        "rot6d_row0_z",
        "rot6d_row1_x",
        "rot6d_row1_y",
        "rot6d_row1_z",
        "gripper"
      ],
      "metrics": {
        "first_step": {
          "mse": 103.08489227294922,
          "mae": 3.1722934246063232,
          "per_dim_mse": [
            0.0007493997109122574,
            0.0027963388711214066,
            0.007715648505836725,
            3.1588802337646484,
            0.38422858715057373,
            0.16507162153720856,
            0.22040076553821564,
            0.14369718730449677,
            0.4986421465873718,
            1026.266845703125
          ],
          "max_error": 47.47626495361328,
          "smoothness": 0.6478713750839233
        },
        "valid_chunk": {
          "mse": 111.85128784179688,
          "mae": 3.2335944175720215,
          "per_dim_mse": [
            0.007219257764518261,
            0.0036287885159254074,
            0.011842784471809864,
            3.2432031631469727,
            0.3476365804672241,
            0.14007361233234406,
            0.192962184548378,
            0.11990924179553986,
            0.482923299074173,
            1113.9666748046875
          ],
          "max_error": 55.011451721191406,
          "smoothness": 0.9674531817436218
        }
      }
    },
    {
      "episode_name": "episode_000003",
      "episode_index": 3,
      "episode_len": 764,
      "task": "Pick up the scraper and peel the tape off the table.",
      "dataset_tasks": [
        "Pick up the scraper and peel the tape off the table."
      ],
      "cameras": [
        "observation.images.cam_hand",
        "observation.images.cam_top"
      ],
      "chunk_size": 50,
      "action_dim": 10,
      "action_names": [
        "x",
        "y",
        "z",
        "rot6d_row0_x",
        "rot6d_row0_y",
        "rot6d_row0_z",
        "rot6d_row1_x",
        "rot6d_row1_y",
        "rot6d_row1_z",
        "gripper"
      ],
      "metrics": {
        "first_step": {
          "mse": 95.29790496826172,
          "mae": 2.9615638256073,
          "per_dim_mse": [
            0.001007737941108644,
            0.0030301613733172417,
            0.007540781982243061,
            3.1232969760894775,
            0.33001500368118286,
            0.2601170539855957,
            0.21708416938781738,
            0.16477060317993164,
            0.4048379361629486,
            948.4675903320312
          ],
          "max_error": 50.72275924682617,
          "smoothness": 0.8259881138801575
        },
        "valid_chunk": {
          "mse": 101.60509490966797,
          "mae": 2.9764652252197266,
          "per_dim_mse": [
            0.007621576078236103,
            0.004002207424491644,
            0.010926812887191772,
            3.2185280323028564,
            0.2926655113697052,
            0.22688376903533936,
            0.1805342435836792,
            0.14009487628936768,
            0.40381208062171936,
            1011.5599365234375
          ],
          "max_error": 57.48799133300781,
          "smoothness": 1.1174765825271606
        }
      }
    },
    {
      "episode_name": "episode_000004",
      "episode_index": 4,
      "episode_len": 467,
      "task": "Pick up the scraper and scrape off the tape from the table surface.",
      "dataset_tasks": [
        "Pick up the scraper and scrape off the tape from the table surface."
      ],